Domain Code,Domain,Area Code,Area,Element Code,Element,Item Code,Item,Year Code,Year,Months Code,Months,Unit,Value,Flag,Flag Description
"PP","Producer Prices","237","Viet Nam","5532","Producer Price (USD/tonne)","486","Bananas","2000","2000","7021","Annual value","USD","124.2","","Official data"
"PP","Producer Prices","237","Viet Nam","5532","Producer Price (USD/tonne)","125","Cassava","2000","2000","7021","Annual value","USD","48.8","","Official data"
"PP","Producer Prices","237","Viet Nam","5532","Producer Price (USD/tonne)","56","Maize","2000","2000","7021","Annual value","USD","127.4","","Official data"
"PP","Producer Prices","237","Viet Nam","5532","Producer Price (USD/tonne)","1058","Meat, chicken","2000","2000","7021","Annual value","USD","1486.7","","Official data"
"PP","Producer Prices","237","Viet Nam","5532","Producer Price (USD/tonne)","1069","Meat, duck","2000","2000","7021","Annual value","USD","875.5","","Official data"
"PP","Producer Prices","237","Viet Nam","5532","Producer Price (USD/tonne)","27","Rice, paddy","2000","2000","7021","Annual value","USD","123.3","","Official data"
"PP","Producer Prices","237","Viet Nam","5532","Producer Price (USD/tonne)","486","Bananas","2001","2001","7021","Annual value","USD","128.3","","Official data"
"PP","Producer Prices","237","Viet Nam","5532","Producer Price (USD/tonne)","125","Cassava","2001","2001","7021","Annual value","USD","61.3","","Official data"
"PP","Producer Prices","237","Viet Nam","5532","Producer Price (USD/tonne)","1062","Eggs, hen, in shell","2001","2001","7021","Annual value","USD","1075.5","","Official data"
"PP","Producer Prices","237","Viet Nam","5532","Producer Price (USD/tonne)","56","Maize","2001","2001","7021","Annual value","USD","121.2","","Official data"
"PP","Producer Prices","237","Viet Nam","5532","Producer Price (USD/tonne)","1058","Meat, chicken","2001","2001","7021","Annual value","USD","1265.1","","Official data"
"PP","Producer Prices","237","Viet Nam","5532","Producer Price (USD/tonne)","1069","Meat, duck","2001","2001","7021","Annual value","USD","802","","Official data"
"PP","Producer Prices","237","Viet Nam","5532","Producer Price (USD/tonne)","1017","Meat, goat","2001","2001","7021","Annual value","USD","1125.7","","Official data"
"PP","Producer Prices","237","Viet Nam","5532","Producer Price (USD/tonne)","1035","Meat, pig","2001","2001","7021","Annual value","USD","720.6","","Official data"
"PP","Producer Prices","237","Viet Nam","5532","Producer Price (USD/tonne)","27","Rice, paddy","2001","2001","7021","Annual value","USD","111.3","","Official data"
"PP","Producer Prices","237","Viet Nam","5532","Producer Price (USD/tonne)","486","Bananas","2002","2002","7021","Annual value","USD","92.3","","Official data"
"PP","Producer Prices","237","Viet Nam","5532","Producer Price (USD/tonne)","125","Cassava","2002","2002","7021","Annual value","USD","48.6","","Official data"
"PP","Producer Prices","237","Viet Nam","5532","Producer Price (USD/tonne)","1062","Eggs, hen, in shell","2002","2002","7021","Annual value","USD","1228.9","","Official data"
"PP","Producer Prices","237","Viet Nam","5532","Producer Price (USD/tonne)","56","Maize","2002","2002","7021","Annual value","USD","107.1","","Official data"
"PP","Producer Prices","237","Viet Nam","5532","Producer Price (USD/tonne)","1058","Meat, chicken","2002","2002","7021","Annual value","USD","1428.4","","Official data"
"PP","Producer Prices","237","Viet Nam","5532","Producer Price (USD/tonne)","1069","Meat, duck","2002","2002","7021","Annual value","USD","872.6","","Official data"
"PP","Producer Prices","237","Viet Nam","5532","Producer Price (USD/tonne)","1017","Meat, goat","2002","2002","7021","Annual value","USD","916.3","","Official data"
"PP","Producer Prices","237","Viet Nam","5532","Producer Price (USD/tonne)","1035","Meat, pig","2002","2002","7021","Annual value","USD","887.6","","Official data"
"PP","Producer Prices","237","Viet Nam","5532","Producer Price (USD/tonne)","27","Rice, paddy","2002","2002","7021","Annual value","USD","116.5","","Official data"
"PP","Producer Prices","237","Viet Nam","5532","Producer Price (USD/tonne)","486","Bananas","2003","2003","7021","Annual value","USD","108.1","","Official data"
"PP","Producer Prices","237","Viet Nam","5532","Producer Price (USD/tonne)","125","Cassava","2003","2003","7021","Annual value","USD","53.3","","Official data"
"PP","Producer Prices","237","Viet Nam","5532","Producer Price (USD/tonne)","1062","Eggs, hen, in shell","2003","2003","7021","Annual value","USD","1065.8","","Official data"
"PP","Producer Prices","237","Viet Nam","5532","Producer Price (USD/tonne)","56","Maize","2003","2003","7021","Annual value","USD","123.2","","Official data"
"PP","Producer Prices","237","Viet Nam","5532","Producer Price (USD/tonne)","1058","Meat, chicken","2003","2003","7021","Annual value","USD","1378.8","","Official data"
"PP","Producer Prices","237","Viet Nam","5532","Producer Price (USD/tonne)","1069","Meat, duck","2003","2003","7021","Annual value","USD","722.8","","Official data"
"PP","Producer Prices","237","Viet Nam","5532","Producer Price (USD/tonne)","1017","Meat, goat","2003","2003","7021","Annual value","USD","1228","","Official data"
"PP","Producer Prices","237","Viet Nam","5532","Producer Price (USD/tonne)","1035","Meat, pig","2003","2003","7021","Annual value","USD","699.7","","Official data"
"PP","Producer Prices","237","Viet Nam","5532","Producer Price (USD/tonne)","27","Rice, paddy","2003","2003","7021","Annual value","USD","125.2","","Official data"
"PP","Producer Prices","237","Viet Nam","5532","Producer Price (USD/tonne)","486","Bananas","2004","2004","7021","Annual value","USD","109.2","","Official data"
"PP","Producer Prices","237","Viet Nam","5532","Producer Price (USD/tonne)","125","Cassava","2004","2004","7021","Annual value","USD","56.5","","Official data"
"PP","Producer Prices","237","Viet Nam","5532","Producer Price (USD/tonne)","1062","Eggs, hen, in shell","2004","2004","7021","Annual value","USD","1467.2","","Official data"
"PP","Producer Prices","237","Viet Nam","5532","Producer Price (USD/tonne)","56","Maize","2004","2004","7021","Annual value","USD","130.2","","Official data"
"PP","Producer Prices","237","Viet Nam","5532","Producer Price (USD/tonne)","1058","Meat, chicken","2004","2004","7021","Annual value","USD","1806","","Official data"
"PP","Producer Prices","237","Viet Nam","5532","Producer Price (USD/tonne)","1069","Meat, duck","2004","2004","7021","Annual value","USD","1023","","Official data"
"PP","Producer Prices","237","Viet Nam","5532","Producer Price (USD/tonne)","1017","Meat, goat","2004","2004","7021","Annual value","USD","1799.9","","Official data"
"PP","Producer Prices","237","Viet Nam","5532","Producer Price (USD/tonne)","1035","Meat, pig","2004","2004","7021","Annual value","USD","965.5","","Official data"
"PP","Producer Prices","237","Viet Nam","5532","Producer Price (USD/tonne)","27","Rice, paddy","2004","2004","7021","Annual value","USD","144.4","","Official data"
"PP","Producer Prices","237","Viet Nam","5532","Producer Price (USD/tonne)","486","Bananas","2005","2005","7021","Annual value","USD","147.4","","Official data"
"PP","Producer Prices","237","Viet Nam","5532","Producer Price (USD/tonne)","125","Cassava","2005","2005","7021","Annual value","USD","69.7","","Official data"
"PP","Producer Prices","237","Viet Nam","5532","Producer Price (USD/tonne)","1062","Eggs, hen, in shell","2005","2005","7021","Annual value","USD","1523.9","","Official data"
"PP","Producer Prices","237","Viet Nam","5532","Producer Price (USD/tonne)","56","Maize","2005","2005","7021","Annual value","USD","160.7","","Official data"
"PP","Producer Prices","237","Viet Nam","5532","Producer Price (USD/tonne)","1058","Meat, chicken","2005","2005","7021","Annual value","USD","1920.4","","Official data"
"PP","Producer Prices","237","Viet Nam","5532","Producer Price (USD/tonne)","1069","Meat, duck","2005","2005","7021","Annual value","USD","1159.6","","Official data"
"PP","Producer Prices","237","Viet Nam","5532","Producer Price (USD/tonne)","1017","Meat, goat","2005","2005","7021","Annual value","USD","1848.2","","Official data"
"PP","Producer Prices","237","Viet Nam","5532","Producer Price (USD/tonne)","1035","Meat, pig","2005","2005","7021","Annual value","USD","975.5","","Official data"
"PP","Producer Prices","237","Viet Nam","5532","Producer Price (USD/tonne)","27","Rice, paddy","2005","2005","7021","Annual value","USD","166.7","","Official data"
"PP","Producer Prices","237","Viet Nam","5532","Producer Price (USD/tonne)","486","Bananas","2006","2006","7021","Annual value","USD","127.1","","Official data"
"PP","Producer Prices","237","Viet Nam","5532","Producer Price (USD/tonne)","125","Cassava","2006","2006","7021","Annual value","USD","61.6","","Official data"
"PP","Producer Prices","237","Viet Nam","5532","Producer Price (USD/tonne)","1062","Eggs, hen, in shell","2006","2006","7021","Annual value","USD","1308.3","","Official data"
"PP","Producer Prices","237","Viet Nam","5532","Producer Price (USD/tonne)","56","Maize","2006","2006","7021","Annual value","USD","144.4","","Official data"
"PP","Producer Prices","237","Viet Nam","5532","Producer Price (USD/tonne)","1058","Meat, chicken","2006","2006","7021","Annual value","USD","1802","","Official data"
"PP","Producer Prices","237","Viet Nam","5532","Producer Price (USD/tonne)","1069","Meat, duck","2006","2006","7021","Annual value","USD","1024.2","","Official data"
"PP","Producer Prices","237","Viet Nam","5532","Producer Price (USD/tonne)","1017","Meat, goat","2006","2006","7021","Annual value","USD","1950.1","","Official data"
"PP","Producer Prices","237","Viet Nam","5532","Producer Price (USD/tonne)","1035","Meat, pig","2006","2006","7021","Annual value","USD","1045.8","","Official data"
"PP","Producer Prices","237","Viet Nam","5532","Producer Price (USD/tonne)","27","Rice, paddy","2006","2006","7021","Annual value","USD","155.3","","Official data"
"PP","Producer Prices","237","Viet Nam","5532","Producer Price (USD/tonne)","486","Bananas","2007","2007","7021","Annual value","USD","157.7","","Official data"
"PP","Producer Prices","237","Viet Nam","5532","Producer Price (USD/tonne)","125","Cassava","2007","2007","7021","Annual value","USD","72.5","","Official data"
"PP","Producer Prices","237","Viet Nam","5532","Producer Price (USD/tonne)","1062","Eggs, hen, in shell","2007","2007","7021","Annual value","USD","1833.8","","Official data"
"PP","Producer Prices","237","Viet Nam","5532","Producer Price (USD/tonne)","56","Maize","2007","2007","7021","Annual value","USD","199.9","","Official data"
"PP","Producer Prices","237","Viet Nam","5532","Producer Price (USD/tonne)","867","Meat, cattle","2007","2007","7021","Annual value","USD","1255.6","","Official data"
"PP","Producer Prices","237","Viet Nam","5532","Producer Price (USD/tonne)","1058","Meat, chicken","2007","2007","7021","Annual value","USD","2926.4","","Official data"
"PP","Producer Prices","237","Viet Nam","5532","Producer Price (USD/tonne)","1069","Meat, duck","2007","2007","7021","Annual value","USD","1388.3","","Official data"
"PP","Producer Prices","237","Viet Nam","5532","Producer Price (USD/tonne)","1017","Meat, goat","2007","2007","7021","Annual value","USD","1785.8","","Official data"
"PP","Producer Prices","237","Viet Nam","5532","Producer Price (USD/tonne)","1035","Meat, pig","2007","2007","7021","Annual value","USD","1182.5","","Official data"
"PP","Producer Prices","237","Viet Nam","5532","Producer Price (USD/tonne)","27","Rice, paddy","2007","2007","7021","Annual value","USD","198.2","","Official data"
"PP","Producer Prices","237","Viet Nam","5532","Producer Price (USD/tonne)","486","Bananas","2008","2008","7021","Annual value","USD","195.1","","Official data"
"PP","Producer Prices","237","Viet Nam","5532","Producer Price (USD/tonne)","125","Cassava","2008","2008","7021","Annual value","USD","135","","Official data"
"PP","Producer Prices","237","Viet Nam","5532","Producer Price (USD/tonne)","1062","Eggs, hen, in shell","2008","2008","7021","Annual value","USD","2221.7","","Official data"
"PP","Producer Prices","237","Viet Nam","5532","Producer Price (USD/tonne)","56","Maize","2008","2008","7021","Annual value","USD","251.3","","Official data"
"PP","Producer Prices","237","Viet Nam","5532","Producer Price (USD/tonne)","867","Meat, cattle","2008","2008","7021","Annual value","USD","2141.1","","Official data"
"PP","Producer Prices","237","Viet Nam","5532","Producer Price (USD/tonne)","1058","Meat, chicken","2008","2008","7021","Annual value","USD","3508.5","","Official data"
"PP","Producer Prices","237","Viet Nam","5532","Producer Price (USD/tonne)","1069","Meat, duck","2008","2008","7021","Annual value","USD","1527.3","","Official data"
"PP","Producer Prices","237","Viet Nam","5532","Producer Price (USD/tonne)","1017","Meat, goat","2008","2008","7021","Annual value","USD","2207.6","","Official data"
"PP","Producer Prices","237","Viet Nam","5532","Producer Price (USD/tonne)","1035","Meat, pig","2008","2008","7021","Annual value","USD","1812.8","","Official data"
"PP","Producer Prices","237","Viet Nam","5532","Producer Price (USD/tonne)","27","Rice, paddy","2008","2008","7021","Annual value","USD","286.5","","Official data"
"PP","Producer Prices","237","Viet Nam","5532","Producer Price (USD/tonne)","486","Bananas","2009","2009","7021","Annual value","USD","246.1","","Official data"
"PP","Producer Prices","237","Viet Nam","5532","Producer Price (USD/tonne)","125","Cassava","2009","2009","7021","Annual value","USD","91.1","","Official data"
"PP","Producer Prices","237","Viet Nam","5532","Producer Price (USD/tonne)","1062","Eggs, hen, in shell","2009","2009","7021","Annual value","USD","2333.1","","Official data"
"PP","Producer Prices","237","Viet Nam","5532","Producer Price (USD/tonne)","56","Maize","2009","2009","7021","Annual value","USD","240.1","","Official data"
"PP","Producer Prices","237","Viet Nam","5532","Producer Price (USD/tonne)","867","Meat, cattle","2009","2009","7021","Annual value","USD","2261.5","","Official data"
"PP","Producer Prices","237","Viet Nam","5532","Producer Price (USD/tonne)","1058","Meat, chicken","2009","2009","7021","Annual value","USD","3768.7","","Official data"
"PP","Producer Prices","237","Viet Nam","5532","Producer Price (USD/tonne)","1069","Meat, duck","2009","2009","7021","Annual value","USD","1772.9","","Official data"
"PP","Producer Prices","237","Viet Nam","5532","Producer Price (USD/tonne)","1017","Meat, goat","2009","2009","7021","Annual value","USD","2305.8","","Official data"
"PP","Producer Prices","237","Viet Nam","5532","Producer Price (USD/tonne)","1035","Meat, pig","2009","2009","7021","Annual value","USD","1669","","Official data"
"PP","Producer Prices","237","Viet Nam","5532","Producer Price (USD/tonne)","27","Rice, paddy","2009","2009","7021","Annual value","USD","295.6","","Official data"
"PP","Producer Prices","237","Viet Nam","5532","Producer Price (USD/tonne)","486","Bananas","2010","2010","7021","Annual value","USD","266.2","","Official data"
"PP","Producer Prices","237","Viet Nam","5532","Producer Price (USD/tonne)","125","Cassava","2010","2010","7021","Annual value","USD","118.7","","Official data"
"PP","Producer Prices","237","Viet Nam","5532","Producer Price (USD/tonne)","1062","Eggs, hen, in shell","2010","2010","7021","Annual value","USD","2295.4","","Official data"
"PP","Producer Prices","237","Viet Nam","5532","Producer Price (USD/tonne)","56","Maize","2010","2010","7021","Annual value","USD","265","","Official data"
"PP","Producer Prices","237","Viet Nam","5532","Producer Price (USD/tonne)","867","Meat, cattle","2010","2010","7021","Annual value","USD","2481.6","","Official data"
"PP","Producer Prices","237","Viet Nam","5532","Producer Price (USD/tonne)","1058","Meat, chicken","2010","2010","7021","Annual value","USD","3735.4","","Official data"
"PP","Producer Prices","237","Viet Nam","5532","Producer Price (USD/tonne)","1069","Meat, duck","2010","2010","7021","Annual value","USD","1772","","Official data"
"PP","Producer Prices","237","Viet Nam","5532","Producer Price (USD/tonne)","1017","Meat, goat","2010","2010","7021","Annual value","USD","2418.6","","Official data"
"PP","Producer Prices","237","Viet Nam","5532","Producer Price (USD/tonne)","1035","Meat, pig","2010","2010","7021","Annual value","USD","1565.9","","Official data"
"PP","Producer Prices","237","Viet Nam","5532","Producer Price (USD/tonne)","27","Rice, paddy","2010","2010","7021","Annual value","USD","289.5","","Official data"
"PP","Producer Prices","237","Viet Nam","5532","Producer Price (USD/tonne)","486","Bananas","2011","2011","7021","Annual value","USD","274.7","","Official data"
"PP","Producer Prices","237","Viet Nam","5532","Producer Price (USD/tonne)","125","Cassava","2011","2011","7021","Annual value","USD","124.8","","Official data"
"PP","Producer Prices","237","Viet Nam","5532","Producer Price (USD/tonne)","1062","Eggs, hen, in shell","2011","2011","7021","Annual value","USD","2623.5","","Official data"
"PP","Producer Prices","237","Viet Nam","5532","Producer Price (USD/tonne)","56","Maize","2011","2011","7021","Annual value","USD","301.1","","Official data"
"PP","Producer Prices","237","Viet Nam","5532","Producer Price (USD/tonne)","867","Meat, cattle","2011","2011","7021","Annual value","USD","2717.4","","Official data"
"PP","Producer Prices","237","Viet Nam","5532","Producer Price (USD/tonne)","1058","Meat, chicken","2011","2011","7021","Annual value","USD","4186.4","","Official data"
"PP","Producer Prices","237","Viet Nam","5532","Producer Price (USD/tonne)","1069","Meat, duck","2011","2011","7021","Annual value","USD","2161.8","","Official data"
"PP","Producer Prices","237","Viet Nam","5532","Producer Price (USD/tonne)","1017","Meat, goat","2011","2011","7021","Annual value","USD","2907.4","","Official data"
"PP","Producer Prices","237","Viet Nam","5532","Producer Price (USD/tonne)","1035","Meat, pig","2011","2011","7021","Annual value","USD","2251.1","","Official data"
"PP","Producer Prices","237","Viet Nam","5532","Producer Price (USD/tonne)","27","Rice, paddy","2011","2011","7021","Annual value","USD","315.8","","Official data"
"PP","Producer Prices","237","Viet Nam","5532","Producer Price (USD/tonne)","486","Bananas","2012","2012","7021","Annual value","USD","272.9","","Official data"
"PP","Producer Prices","237","Viet Nam","5532","Producer Price (USD/tonne)","125","Cassava","2012","2012","7021","Annual value","USD","124.5","","Official data"
"PP","Producer Prices","237","Viet Nam","5532","Producer Price (USD/tonne)","1062","Eggs, hen, in shell","2012","2012","7021","Annual value","USD","2543.3","","Official data"
"PP","Producer Prices","237","Viet Nam","5532","Producer Price (USD/tonne)","56","Maize","2012","2012","7021","Annual value","USD","319.9","","Official data"
"PP","Producer Prices","237","Viet Nam","5532","Producer Price (USD/tonne)","867","Meat, cattle","2012","2012","7021","Annual value","USD","3362.7","","Official data"
"PP","Producer Prices","237","Viet Nam","5532","Producer Price (USD/tonne)","1058","Meat, chicken","2012","2012","7021","Annual value","USD","4230.6","","Official data"
"PP","Producer Prices","237","Viet Nam","5532","Producer Price (USD/tonne)","1069","Meat, duck","2012","2012","7021","Annual value","USD","2086.1","","Official data"
"PP","Producer Prices","237","Viet Nam","5532","Producer Price (USD/tonne)","1017","Meat, goat","2012","2012","7021","Annual value","USD","3502.9","","Official data"
"PP","Producer Prices","237","Viet Nam","5532","Producer Price (USD/tonne)","1035","Meat, pig","2012","2012","7021","Annual value","USD","2085.8","","Official data"
"PP","Producer Prices","237","Viet Nam","5532","Producer Price (USD/tonne)","27","Rice, paddy","2012","2012","7021","Annual value","USD","299.3","","Official data"
"PP","Producer Prices","237","Viet Nam","5532","Producer Price (USD/tonne)","486","Bananas","2013","2013","7021","Annual value","USD","287.8","","Official data"
"PP","Producer Prices","237","Viet Nam","5532","Producer Price (USD/tonne)","125","Cassava","2013","2013","7021","Annual value","USD","132.7","","Official data"
"PP","Producer Prices","237","Viet Nam","5532","Producer Price (USD/tonne)","1062","Eggs, hen, in shell","2013","2013","7021","Annual value","USD","2762.9","","Official data"
"PP","Producer Prices","237","Viet Nam","5532","Producer Price (USD/tonne)","56","Maize","2013","2013","7021","Annual value","USD","325.9","","Official data"
"PP","Producer Prices","237","Viet Nam","5532","Producer Price (USD/tonne)","867","Meat, cattle","2013","2013","7021","Annual value","USD","3801.9","","Official data"
"PP","Producer Prices","237","Viet Nam","5532","Producer Price (USD/tonne)","1058","Meat, chicken","2013","2013","7021","Annual value","USD","4515.7","","Official data"
"PP","Producer Prices","237","Viet Nam","5532","Producer Price (USD/tonne)","1069","Meat, duck","2013","2013","7021","Annual value","USD","2170.1","","Official data"
"PP","Producer Prices","237","Viet Nam","5532","Producer Price (USD/tonne)","1017","Meat, goat","2013","2013","7021","Annual value","USD","4056.8","","Official data"
"PP","Producer Prices","237","Viet Nam","5532","Producer Price (USD/tonne)","1035","Meat, pig","2013","2013","7021","Annual value","USD","1969.8","","Official data"
"PP","Producer Prices","237","Viet Nam","5532","Producer Price (USD/tonne)","403","Onions, dry","2013","2013","7021","Annual value","USD","534.6","","Official data"
"PP","Producer Prices","237","Viet Nam","5532","Producer Price (USD/tonne)","27","Rice, paddy","2013","2013","7021","Annual value","USD","294.1","","Official data"
"PP","Producer Prices","237","Viet Nam","5532","Producer Price (USD/tonne)","236","Soybeans","2013","2013","7021","Annual value","USD","847.6","","Official data"
"PP","Producer Prices","237","Viet Nam","5532","Producer Price (USD/tonne)","486","Bananas","2014","2014","7021","Annual value","USD","320.6","","Official data"
"PP","Producer Prices","237","Viet Nam","5532","Producer Price (USD/tonne)","125","Cassava","2014","2014","7021","Annual value","USD","137.5","","Official data"
"PP","Producer Prices","237","Viet Nam","5532","Producer Price (USD/tonne)","1062","Eggs, hen, in shell","2014","2014","7021","Annual value","USD","2700.3","","Official data"
"PP","Producer Prices","237","Viet Nam","5532","Producer Price (USD/tonne)","56","Maize","2014","2014","7021","Annual value","USD","343.4","","Official data"
"PP","Producer Prices","237","Viet Nam","5532","Producer Price (USD/tonne)","867","Meat, cattle","2014","2014","7021","Annual value","USD","4059.3","","Official data"
"PP","Producer Prices","237","Viet Nam","5532","Producer Price (USD/tonne)","1058","Meat, chicken","2014","2014","7021","Annual value","USD","4465.9","","Official data"
"PP","Producer Prices","237","Viet Nam","5532","Producer Price (USD/tonne)","1069","Meat, duck","2014","2014","7021","Annual value","USD","2152.7","","Official data"
"PP","Producer Prices","237","Viet Nam","5532","Producer Price (USD/tonne)","1017","Meat, goat","2014","2014","7021","Annual value","USD","4548.7","","Official data"
"PP","Producer Prices","237","Viet Nam","5532","Producer Price (USD/tonne)","1035","Meat, pig","2014","2014","7021","Annual value","USD","2187.6","","Official data"
"PP","Producer Prices","237","Viet Nam","5532","Producer Price (USD/tonne)","403","Onions, dry","2014","2014","7021","Annual value","USD","516.7","","Official data"
"PP","Producer Prices","237","Viet Nam","5532","Producer Price (USD/tonne)","27","Rice, paddy","2014","2014","7021","Annual value","USD","304.8","","Official data"
"PP","Producer Prices","237","Viet Nam","5532","Producer Price (USD/tonne)","236","Soybeans","2014","2014","7021","Annual value","USD","851.6","","Official data"
"PP","Producer Prices","237","Viet Nam","5532","Producer Price (USD/tonne)","486","Bananas","2015","2015","7021","Annual value","USD","315.2","","Official data"
"PP","Producer Prices","237","Viet Nam","5532","Producer Price (USD/tonne)","125","Cassava","2015","2015","7021","Annual value","USD","133.8","","Official data"
"PP","Producer Prices","237","Viet Nam","5532","Producer Price (USD/tonne)","1062","Eggs, hen, in shell","2015","2015","7021","Annual value","USD","2703.1","","Official data"
"PP","Producer Prices","237","Viet Nam","5532","Producer Price (USD/tonne)","56","Maize","2015","2015","7021","Annual value","USD","329.5","","Official data"
"PP","Producer Prices","237","Viet Nam","5532","Producer Price (USD/tonne)","867","Meat, cattle","2015","2015","7021","Annual value","USD","4161.3","","Official data"
"PP","Producer Prices","237","Viet Nam","5532","Producer Price (USD/tonne)","1058","Meat, chicken","2015","2015","7021","Annual value","USD","4413.4","","Official data"
"PP","Producer Prices","237","Viet Nam","5532","Producer Price (USD/tonne)","1069","Meat, duck","2015","2015","7021","Annual value","USD","2095.4","","Official data"
"PP","Producer Prices","237","Viet Nam","5532","Producer Price (USD/tonne)","1017","Meat, goat","2015","2015","7021","Annual value","USD","4634.5","","Official data"
"PP","Producer Prices","237","Viet Nam","5532","Producer Price (USD/tonne)","1035","Meat, pig","2015","2015","7021","Annual value","USD","2082.6","","Official data"
"PP","Producer Prices","237","Viet Nam","5532","Producer Price (USD/tonne)","403","Onions, dry","2015","2015","7021","Annual value","USD","454.6","","Official data"
"PP","Producer Prices","237","Viet Nam","5532","Producer Price (USD/tonne)","27","Rice, paddy","2015","2015","7021","Annual value","USD","287.1","","Official data"
"PP","Producer Prices","237","Viet Nam","5532","Producer Price (USD/tonne)","236","Soybeans","2015","2015","7021","Annual value","USD","825.3","","Official data"
"PP","Producer Prices","237","Viet Nam","5532","Producer Price (USD/tonne)","486","Bananas","2016","2016","7021","Annual value","USD","328.6","","Official data"
"PP","Producer Prices","237","Viet Nam","5532","Producer Price (USD/tonne)","125","Cassava","2016","2016","7021","Annual value","USD","190.7","","Official data"
"PP","Producer Prices","237","Viet Nam","5532","Producer Price (USD/tonne)","1062","Eggs, hen, in shell","2016","2016","7021","Annual value","USD","1473","","Official data"
"PP","Producer Prices","237","Viet Nam","5532","Producer Price (USD/tonne)","56","Maize","2016","2016","7021","Annual value","USD","277.8","","Official data"
"PP","Producer Prices","237","Viet Nam","5532","Producer Price (USD/tonne)","867","Meat, cattle","2016","2016","7021","Annual value","USD","4686.2","","Official data"
"PP","Producer Prices","237","Viet Nam","5532","Producer Price (USD/tonne)","1058","Meat, chicken","2016","2016","7021","Annual value","USD","4093.1","","Official data"
"PP","Producer Prices","237","Viet Nam","5532","Producer Price (USD/tonne)","1069","Meat, duck","2016","2016","7021","Annual value","USD","2107.7","","Official data"
"PP","Producer Prices","237","Viet Nam","5532","Producer Price (USD/tonne)","1017","Meat, goat","2016","2016","7021","Annual value","USD","5174","","Official data"
"PP","Producer Prices","237","Viet Nam","5532","Producer Price (USD/tonne)","1035","Meat, pig","2016","2016","7021","Annual value","USD","2114.9","","Official data"
"PP","Producer Prices","237","Viet Nam","5532","Producer Price (USD/tonne)","403","Onions, dry","2016","2016","7021","Annual value","USD","551.5","","Official data"
"PP","Producer Prices","237","Viet Nam","5532","Producer Price (USD/tonne)","27","Rice, paddy","2016","2016","7021","Annual value","USD","289.1","","Official data"
"PP","Producer Prices","237","Viet Nam","5532","Producer Price (USD/tonne)","236","Soybeans","2016","2016","7021","Annual value","USD","821.6","","Official data"
"PP","Producer Prices","237","Viet Nam","5532","Producer Price (USD/tonne)","486","Bananas","2017","2017","7021","Annual value","USD","335.9","","Official data"
"PP","Producer Prices","237","Viet Nam","5532","Producer Price (USD/tonne)","125","Cassava","2017","2017","7021","Annual value","USD","196.7","","Official data"
"PP","Producer Prices","237","Viet Nam","5532","Producer Price (USD/tonne)","1062","Eggs, hen, in shell","2017","2017","7021","Annual value","USD","2908.2","","Official data"
"PP","Producer Prices","237","Viet Nam","5532","Producer Price (USD/tonne)","56","Maize","2017","2017","7021","Annual value","USD","268.8","","Official data"
"PP","Producer Prices","237","Viet Nam","5532","Producer Price (USD/tonne)","867","Meat, cattle","2017","2017","7021","Annual value","USD","4512.9","","Official data"
"PP","Producer Prices","237","Viet Nam","5532","Producer Price (USD/tonne)","1058","Meat, chicken","2017","2017","7021","Annual value","USD","3852.8","","Official data"
"PP","Producer Prices","237","Viet Nam","5532","Producer Price (USD/tonne)","1069","Meat, duck","2017","2017","7021","Annual value","USD","1978","","Official data"
"PP","Producer Prices","237","Viet Nam","5532","Producer Price (USD/tonne)","1017","Meat, goat","2017","2017","7021","Annual value","USD","4915.7","","Official data"
"PP","Producer Prices","237","Viet Nam","5532","Producer Price (USD/tonne)","1035","Meat, pig","2017","2017","7021","Annual value","USD","1528.2","","Official data"
"PP","Producer Prices","237","Viet Nam","5532","Producer Price (USD/tonne)","403","Onions, dry","2017","2017","7021","Annual value","USD","586.8","","Official data"
"PP","Producer Prices","237","Viet Nam","5532","Producer Price (USD/tonne)","27","Rice, paddy","2017","2017","7021","Annual value","USD","284.6","","Official data"
"PP","Producer Prices","237","Viet Nam","5532","Producer Price (USD/tonne)","236","Soybeans","2017","2017","7021","Annual value","USD","822.3","","Official data"
"PP","Producer Prices","237","Viet Nam","5532","Producer Price (USD/tonne)","486","Bananas","2018","2018","7021","Annual value","USD","322.3","","Official data"
"PP","Producer Prices","237","Viet Nam","5532","Producer Price (USD/tonne)","125","Cassava","2018","2018","7021","Annual value","USD","210.4","","Official data"
"PP","Producer Prices","237","Viet Nam","5532","Producer Price (USD/tonne)","1062","Eggs, hen, in shell","2018","2018","7021","Annual value","USD","1431.5","","Official data"
"PP","Producer Prices","237","Viet Nam","5532","Producer Price (USD/tonne)","56","Maize","2018","2018","7021","Annual value","USD","263","","Official data"
"PP","Producer Prices","237","Viet Nam","5532","Producer Price (USD/tonne)","403","Onions, dry","2018","2018","7021","Annual value","USD","461.7","","Official data"
"PP","Producer Prices","237","Viet Nam","5532","Producer Price (USD/tonne)","27","Rice, paddy","2018","2018","7021","Annual value","USD","282.7","","Official data"
"PP","Producer Prices","237","Viet Nam","5532","Producer Price (USD/tonne)","236","Soybeans","2018","2018","7021","Annual value","USD","807.5","","Official data"
"PP","Producer Prices","237","Viet Nam","5539","Producer Price Index (2014-2016 = 100)","486","Bananas","2000","2000","7021","Annual value","","25.34","Fc","Calculated data"
"PP","Producer Prices","237","Viet Nam","5539","Producer Price Index (2014-2016 = 100)","125","Cassava","2000","2000","7021","Annual value","","20.74","Fc","Calculated data"
"PP","Producer Prices","237","Viet Nam","5539","Producer Price Index (2014-2016 = 100)","1062","Eggs, hen, in shell","2000","2000","7021","Annual value","","33.27","Fc","Calculated data"
"PP","Producer Prices","237","Viet Nam","5539","Producer Price Index (2014-2016 = 100)","56","Maize","2000","2000","7021","Annual value","","26.4","Fc","Calculated data"
"PP","Producer Prices","237","Viet Nam","5539","Producer Price Index (2014-2016 = 100)","867","Meat, cattle","2000","2000","7021","Annual value","","14.94","Fc","Calculated data"
"PP","Producer Prices","237","Viet Nam","5539","Producer Price Index (2014-2016 = 100)","1058","Meat, chicken","2000","2000","7021","Annual value","","22.57","Fc","Calculated data"
"PP","Producer Prices","237","Viet Nam","5539","Producer Price Index (2014-2016 = 100)","1069","Meat, duck","2000","2000","7021","Annual value","","27.12","Fc","Calculated data"
"PP","Producer Prices","237","Viet Nam","5539","Producer Price Index (2014-2016 = 100)","1017","Meat, goat","2000","2000","7021","Annual value","","16.62","Fc","Calculated data"
"PP","Producer Prices","237","Viet Nam","5539","Producer Price Index (2014-2016 = 100)","1035","Meat, pig","2000","2000","7021","Annual value","","23.94","Fc","Calculated data"
"PP","Producer Prices","237","Viet Nam","5539","Producer Price Index (2014-2016 = 100)","882","Milk, whole fresh cow","2000","2000","7021","Annual value","","30.75","Fc","Calculated data"
"PP","Producer Prices","237","Viet Nam","5539","Producer Price Index (2014-2016 = 100)","403","Onions, dry","2000","2000","7021","Annual value","","33.13","Fc","Calculated data"
"PP","Producer Prices","237","Viet Nam","5539","Producer Price Index (2014-2016 = 100)","27","Rice, paddy","2000","2000","7021","Annual value","","27.56","Fc","Calculated data"
"PP","Producer Prices","237","Viet Nam","5539","Producer Price Index (2014-2016 = 100)","236","Soybeans","2000","2000","7021","Annual value","","25.22","Fc","Calculated data"
"PP","Producer Prices","237","Viet Nam","5539","Producer Price Index (2014-2016 = 100)","486","Bananas","2001","2001","7021","Annual value","","27.21","Fc","Calculated data"
"PP","Producer Prices","237","Viet Nam","5539","Producer Price Index (2014-2016 = 100)","125","Cassava","2001","2001","7021","Annual value","","27.09","Fc","Calculated data"
"PP","Producer Prices","237","Viet Nam","5539","Producer Price Index (2014-2016 = 100)","1062","Eggs, hen, in shell","2001","2001","7021","Annual value","","32.09","Fc","Calculated data"
"PP","Producer Prices","237","Viet Nam","5539","Producer Price Index (2014-2016 = 100)","56","Maize","2001","2001","7021","Annual value","","26.11","Fc","Calculated data"
"PP","Producer Prices","237","Viet Nam","5539","Producer Price Index (2014-2016 = 100)","867","Meat, cattle","2001","2001","7021","Annual value","","14.4","Fc","Calculated data"
"PP","Producer Prices","237","Viet Nam","5539","Producer Price Index (2014-2016 = 100)","1058","Meat, chicken","2001","2001","7021","Annual value","","19.96","Fc","Calculated data"
"PP","Producer Prices","237","Viet Nam","5539","Producer Price Index (2014-2016 = 100)","1069","Meat, duck","2001","2001","7021","Annual value","","25.82","Fc","Calculated data"
"PP","Producer Prices","237","Viet Nam","5539","Producer Price Index (2014-2016 = 100)","1017","Meat, goat","2001","2001","7021","Annual value","","16.03","Fc","Calculated data"
"PP","Producer Prices","237","Viet Nam","5539","Producer Price Index (2014-2016 = 100)","1035","Meat, pig","2001","2001","7021","Annual value","","23.09","Fc","Calculated data"
"PP","Producer Prices","237","Viet Nam","5539","Producer Price Index (2014-2016 = 100)","882","Milk, whole fresh cow","2001","2001","7021","Annual value","","29.66","Fc","Calculated data"
"PP","Producer Prices","237","Viet Nam","5539","Producer Price Index (2014-2016 = 100)","403","Onions, dry","2001","2001","7021","Annual value","","31.95","Fc","Calculated data"
"PP","Producer Prices","237","Viet Nam","5539","Producer Price Index (2014-2016 = 100)","27","Rice, paddy","2001","2001","7021","Annual value","","25.85","Fc","Calculated data"
"PP","Producer Prices","237","Viet Nam","5539","Producer Price Index (2014-2016 = 100)","236","Soybeans","2001","2001","7021","Annual value","","24.33","Fc","Calculated data"
"PP","Producer Prices","237","Viet Nam","5539","Producer Price Index (2014-2016 = 100)","486","Bananas","2002","2002","7021","Annual value","","20.31","Fc","Calculated data"
"PP","Producer Prices","237","Viet Nam","5539","Producer Price Index (2014-2016 = 100)","125","Cassava","2002","2002","7021","Annual value","","22.28","Fc","Calculated data"
"PP","Producer Prices","237","Viet Nam","5539","Producer Price Index (2014-2016 = 100)","1062","Eggs, hen, in shell","2002","2002","7021","Annual value","","38.05","Fc","Calculated data"
"PP","Producer Prices","237","Viet Nam","5539","Producer Price Index (2014-2016 = 100)","56","Maize","2002","2002","7021","Annual value","","23.94","Fc","Calculated data"
"PP","Producer Prices","237","Viet Nam","5539","Producer Price Index (2014-2016 = 100)","867","Meat, cattle","2002","2002","7021","Annual value","","14.7","Fc","Calculated data"
"PP","Producer Prices","237","Viet Nam","5539","Producer Price Index (2014-2016 = 100)","1058","Meat, chicken","2002","2002","7021","Annual value","","23.39","Fc","Calculated data"
"PP","Producer Prices","237","Viet Nam","5539","Producer Price Index (2014-2016 = 100)","1069","Meat, duck","2002","2002","7021","Annual value","","29.15","Fc","Calculated data"
"PP","Producer Prices","237","Viet Nam","5539","Producer Price Index (2014-2016 = 100)","1017","Meat, goat","2002","2002","7021","Annual value","","13.54","Fc","Calculated data"
"PP","Producer Prices","237","Viet Nam","5539","Producer Price Index (2014-2016 = 100)","1035","Meat, pig","2002","2002","7021","Annual value","","29.52","Fc","Calculated data"
"PP","Producer Prices","237","Viet Nam","5539","Producer Price Index (2014-2016 = 100)","882","Milk, whole fresh cow","2002","2002","7021","Annual value","","30.26","Fc","Calculated data"
"PP","Producer Prices","237","Viet Nam","5539","Producer Price Index (2014-2016 = 100)","403","Onions, dry","2002","2002","7021","Annual value","","32.61","Fc","Calculated data"
"PP","Producer Prices","237","Viet Nam","5539","Producer Price Index (2014-2016 = 100)","27","Rice, paddy","2002","2002","7021","Annual value","","28.09","Fc","Calculated data"
"PP","Producer Prices","237","Viet Nam","5539","Producer Price Index (2014-2016 = 100)","236","Soybeans","2002","2002","7021","Annual value","","24.83","Fc","Calculated data"
"PP","Producer Prices","237","Viet Nam","5539","Producer Price Index (2014-2016 = 100)","486","Bananas","2004","2004","7021","Annual value","","24.76","Fc","Calculated data"
"PP","Producer Prices","237","Viet Nam","5539","Producer Price Index (2014-2016 = 100)","125","Cassava","2004","2004","7021","Annual value","","26.69","Fc","Calculated data"
"PP","Producer Prices","237","Viet Nam","5539","Producer Price Index (2014-2016 = 100)","1062","Eggs, hen, in shell","2004","2004","7021","Annual value","","46.81","Fc","Calculated data"
"PP","Producer Prices","237","Viet Nam","5539","Producer Price Index (2014-2016 = 100)","56","Maize","2004","2004","7021","Annual value","","29.99","Fc","Calculated data"
"PP","Producer Prices","237","Viet Nam","5539","Producer Price Index (2014-2016 = 100)","867","Meat, cattle","2004","2004","7021","Annual value","","17.01","Fc","Calculated data"
"PP","Producer Prices","237","Viet Nam","5539","Producer Price Index (2014-2016 = 100)","1058","Meat, chicken","2004","2004","7021","Annual value","","30.47","Fc","Calculated data"
"PP","Producer Prices","237","Viet Nam","5539","Producer Price Index (2014-2016 = 100)","1069","Meat, duck","2004","2004","7021","Annual value","","35.22","Fc","Calculated data"
"PP","Producer Prices","237","Viet Nam","5539","Producer Price Index (2014-2016 = 100)","1017","Meat, goat","2004","2004","7021","Annual value","","27.41","Fc","Calculated data"
"PP","Producer Prices","237","Viet Nam","5539","Producer Price Index (2014-2016 = 100)","1035","Meat, pig","2004","2004","7021","Annual value","","33.09","Fc","Calculated data"
"PP","Producer Prices","237","Viet Nam","5539","Producer Price Index (2014-2016 = 100)","882","Milk, whole fresh cow","2004","2004","7021","Annual value","","35.03","Fc","Calculated data"
"PP","Producer Prices","237","Viet Nam","5539","Producer Price Index (2014-2016 = 100)","403","Onions, dry","2004","2004","7021","Annual value","","37.74","Fc","Calculated data"
"PP","Producer Prices","237","Viet Nam","5539","Producer Price Index (2014-2016 = 100)","27","Rice, paddy","2004","2004","7021","Annual value","","35.86","Fc","Calculated data"
"PP","Producer Prices","237","Viet Nam","5539","Producer Price Index (2014-2016 = 100)","236","Soybeans","2004","2004","7021","Annual value","","28.74","Fc","Calculated data"
"PP","Producer Prices","237","Viet Nam","5539","Producer Price Index (2014-2016 = 100)","486","Bananas","2005","2005","7021","Annual value","","33.66","Fc","Calculated data"
"PP","Producer Prices","237","Viet Nam","5539","Producer Price Index (2014-2016 = 100)","125","Cassava","2005","2005","7021","Annual value","","33.2","Fc","Calculated data"
"PP","Producer Prices","237","Viet Nam","5539","Producer Price Index (2014-2016 = 100)","1062","Eggs, hen, in shell","2005","2005","7021","Annual value","","48.97","Fc","Calculated data"
"PP","Producer Prices","237","Viet Nam","5539","Producer Price Index (2014-2016 = 100)","56","Maize","2005","2005","7021","Annual value","","37.3","Fc","Calculated data"
"PP","Producer Prices","237","Viet Nam","5539","Producer Price Index (2014-2016 = 100)","867","Meat, cattle","2005","2005","7021","Annual value","","18.01","Fc","Calculated data"
"PP","Producer Prices","237","Viet Nam","5539","Producer Price Index (2014-2016 = 100)","1058","Meat, chicken","2005","2005","7021","Annual value","","32.63","Fc","Calculated data"
"PP","Producer Prices","237","Viet Nam","5539","Producer Price Index (2014-2016 = 100)","1069","Meat, duck","2005","2005","7021","Annual value","","40.2","Fc","Calculated data"
"PP","Producer Prices","237","Viet Nam","5539","Producer Price Index (2014-2016 = 100)","1017","Meat, goat","2005","2005","7021","Annual value","","28.34","Fc","Calculated data"
"PP","Producer Prices","237","Viet Nam","5539","Producer Price Index (2014-2016 = 100)","1035","Meat, pig","2005","2005","7021","Annual value","","33.67","Fc","Calculated data"
"PP","Producer Prices","237","Viet Nam","5539","Producer Price Index (2014-2016 = 100)","882","Milk, whole fresh cow","2005","2005","7021","Annual value","","37.08","Fc","Calculated data"
"PP","Producer Prices","237","Viet Nam","5539","Producer Price Index (2014-2016 = 100)","403","Onions, dry","2005","2005","7021","Annual value","","39.96","Fc","Calculated data"
"PP","Producer Prices","237","Viet Nam","5539","Producer Price Index (2014-2016 = 100)","27","Rice, paddy","2005","2005","7021","Annual value","","41.69","Fc","Calculated data"
"PP","Producer Prices","237","Viet Nam","5539","Producer Price Index (2014-2016 = 100)","236","Soybeans","2005","2005","7021","Annual value","","30.42","Fc","Calculated data"
"PP","Producer Prices","237","Viet Nam","5539","Producer Price Index (2014-2016 = 100)","486","Bananas","2006","2006","7021","Annual value","","29.28","Fc","Calculated data"
"PP","Producer Prices","237","Viet Nam","5539","Producer Price Index (2014-2016 = 100)","125","Cassava","2006","2006","7021","Annual value","","29.6","Fc","Calculated data"
"PP","Producer Prices","237","Viet Nam","5539","Producer Price Index (2014-2016 = 100)","1062","Eggs, hen, in shell","2006","2006","7021","Annual value","","42.4","Fc","Calculated data"
"PP","Producer Prices","237","Viet Nam","5539","Producer Price Index (2014-2016 = 100)","56","Maize","2006","2006","7021","Annual value","","33.78","Fc","Calculated data"
"PP","Producer Prices","237","Viet Nam","5539","Producer Price Index (2014-2016 = 100)","867","Meat, cattle","2006","2006","7021","Annual value","","18.67","Fc","Calculated data"
"PP","Producer Prices","237","Viet Nam","5539","Producer Price Index (2014-2016 = 100)","1058","Meat, chicken","2006","2006","7021","Annual value","","30.88","Fc","Calculated data"
"PP","Producer Prices","237","Viet Nam","5539","Producer Price Index (2014-2016 = 100)","1069","Meat, duck","2006","2006","7021","Annual value","","35.81","Fc","Calculated data"
"PP","Producer Prices","237","Viet Nam","5539","Producer Price Index (2014-2016 = 100)","1017","Meat, goat","2006","2006","7021","Annual value","","30.16","Fc","Calculated data"
"PP","Producer Prices","237","Viet Nam","5539","Producer Price Index (2014-2016 = 100)","1035","Meat, pig","2006","2006","7021","Annual value","","36.4","Fc","Calculated data"
"PP","Producer Prices","237","Viet Nam","5539","Producer Price Index (2014-2016 = 100)","882","Milk, whole fresh cow","2006","2006","7021","Annual value","","38.44","Fc","Calculated data"
"PP","Producer Prices","237","Viet Nam","5539","Producer Price Index (2014-2016 = 100)","403","Onions, dry","2006","2006","7021","Annual value","","41.42","Fc","Calculated data"
"PP","Producer Prices","237","Viet Nam","5539","Producer Price Index (2014-2016 = 100)","27","Rice, paddy","2006","2006","7021","Annual value","","39.19","Fc","Calculated data"
"PP","Producer Prices","237","Viet Nam","5539","Producer Price Index (2014-2016 = 100)","236","Soybeans","2006","2006","7021","Annual value","","31.54","Fc","Calculated data"
"PP","Producer Prices","237","Viet Nam","5539","Producer Price Index (2014-2016 = 100)","486","Bananas","2007","2007","7021","Annual value","","36.59","Fc","Calculated data"
"PP","Producer Prices","237","Viet Nam","5539","Producer Price Index (2014-2016 = 100)","125","Cassava","2007","2007","7021","Annual value","","35.03","Fc","Calculated data"
"PP","Producer Prices","237","Viet Nam","5539","Producer Price Index (2014-2016 = 100)","1062","Eggs, hen, in shell","2007","2007","7021","Annual value","","59.84","Fc","Calculated data"
"PP","Producer Prices","237","Viet Nam","5539","Producer Price Index (2014-2016 = 100)","56","Maize","2007","2007","7021","Annual value","","47.11","Fc","Calculated data"
"PP","Producer Prices","237","Viet Nam","5539","Producer Price Index (2014-2016 = 100)","867","Meat, cattle","2007","2007","7021","Annual value","","21.75","Fc","Calculated data"
"PP","Producer Prices","237","Viet Nam","5539","Producer Price Index (2014-2016 = 100)","1058","Meat, chicken","2007","2007","7021","Annual value","","50.5","Fc","Calculated data"
"PP","Producer Prices","237","Viet Nam","5539","Producer Price Index (2014-2016 = 100)","1069","Meat, duck","2007","2007","7021","Annual value","","48.88","Fc","Calculated data"
"PP","Producer Prices","237","Viet Nam","5539","Producer Price Index (2014-2016 = 100)","1017","Meat, goat","2007","2007","7021","Annual value","","27.81","Fc","Calculated data"
"PP","Producer Prices","237","Viet Nam","5539","Producer Price Index (2014-2016 = 100)","1035","Meat, pig","2007","2007","7021","Annual value","","41.45","Fc","Calculated data"
"PP","Producer Prices","237","Viet Nam","5539","Producer Price Index (2014-2016 = 100)","882","Milk, whole fresh cow","2007","2007","7021","Annual value","","43.85","Fc","Calculated data"
"PP","Producer Prices","237","Viet Nam","5539","Producer Price Index (2014-2016 = 100)","403","Onions, dry","2007","2007","7021","Annual value","","47.25","Fc","Calculated data"
"PP","Producer Prices","237","Viet Nam","5539","Producer Price Index (2014-2016 = 100)","27","Rice, paddy","2007","2007","7021","Annual value","","50.35","Fc","Calculated data"
"PP","Producer Prices","237","Viet Nam","5539","Producer Price Index (2014-2016 = 100)","236","Soybeans","2007","2007","7021","Annual value","","35.97","Fc","Calculated data"
"PP","Producer Prices","237","Viet Nam","5539","Producer Price Index (2014-2016 = 100)","486","Bananas","2008","2008","7021","Annual value","","45.82","Fc","Calculated data"
"PP","Producer Prices","237","Viet Nam","5539","Producer Price Index (2014-2016 = 100)","125","Cassava","2008","2008","7021","Annual value","","66.04","Fc","Calculated data"
"PP","Producer Prices","237","Viet Nam","5539","Producer Price Index (2014-2016 = 100)","1062","Eggs, hen, in shell","2008","2008","7021","Annual value","","73.38","Fc","Calculated data"
"PP","Producer Prices","237","Viet Nam","5539","Producer Price Index (2014-2016 = 100)","56","Maize","2008","2008","7021","Annual value","","59.93","Fc","Calculated data"
"PP","Producer Prices","237","Viet Nam","5539","Producer Price Index (2014-2016 = 100)","867","Meat, cattle","2008","2008","7021","Annual value","","37.54","Fc","Calculated data"
"PP","Producer Prices","237","Viet Nam","5539","Producer Price Index (2014-2016 = 100)","1058","Meat, chicken","2008","2008","7021","Annual value","","61.29","Fc","Calculated data"
"PP","Producer Prices","237","Viet Nam","5539","Producer Price Index (2014-2016 = 100)","1069","Meat, duck","2008","2008","7021","Annual value","","54.43","Fc","Calculated data"
"PP","Producer Prices","237","Viet Nam","5539","Producer Price Index (2014-2016 = 100)","1017","Meat, goat","2008","2008","7021","Annual value","","34.8","Fc","Calculated data"
"PP","Producer Prices","237","Viet Nam","5539","Producer Price Index (2014-2016 = 100)","1035","Meat, pig","2008","2008","7021","Annual value","","64.32","Fc","Calculated data"
"PP","Producer Prices","237","Viet Nam","5539","Producer Price Index (2014-2016 = 100)","882","Milk, whole fresh cow","2008","2008","7021","Annual value","","61.23","Fc","Calculated data"
"PP","Producer Prices","237","Viet Nam","5539","Producer Price Index (2014-2016 = 100)","403","Onions, dry","2008","2008","7021","Annual value","","65.98","Fc","Calculated data"
"PP","Producer Prices","237","Viet Nam","5539","Producer Price Index (2014-2016 = 100)","27","Rice, paddy","2008","2008","7021","Annual value","","73.69","Fc","Calculated data"
"PP","Producer Prices","237","Viet Nam","5539","Producer Price Index (2014-2016 = 100)","236","Soybeans","2008","2008","7021","Annual value","","50.23","Fc","Calculated data"
"PP","Producer Prices","237","Viet Nam","5539","Producer Price Index (2014-2016 = 100)","486","Bananas","2009","2009","7021","Annual value","","60.5","Fc","Calculated data"
"PP","Producer Prices","237","Viet Nam","5539","Producer Price Index (2014-2016 = 100)","125","Cassava","2009","2009","7021","Annual value","","46.68","Fc","Calculated data"
"PP","Producer Prices","237","Viet Nam","5539","Producer Price Index (2014-2016 = 100)","1062","Eggs, hen, in shell","2009","2009","7021","Annual value","","80.67","Fc","Calculated data"
"PP","Producer Prices","237","Viet Nam","5539","Producer Price Index (2014-2016 = 100)","56","Maize","2009","2009","7021","Annual value","","59.94","Fc","Calculated data"
"PP","Producer Prices","237","Viet Nam","5539","Producer Price Index (2014-2016 = 100)","867","Meat, cattle","2009","2009","7021","Annual value","","41.51","Fc","Calculated data"
"PP","Producer Prices","237","Viet Nam","5539","Producer Price Index (2014-2016 = 100)","1058","Meat, chicken","2009","2009","7021","Annual value","","68.91","Fc","Calculated data"
"PP","Producer Prices","237","Viet Nam","5539","Producer Price Index (2014-2016 = 100)","1069","Meat, duck","2009","2009","7021","Annual value","","66.14","Fc","Calculated data"
"PP","Producer Prices","237","Viet Nam","5539","Producer Price Index (2014-2016 = 100)","1017","Meat, goat","2009","2009","7021","Annual value","","38.05","Fc","Calculated data"
"PP","Producer Prices","237","Viet Nam","5539","Producer Price Index (2014-2016 = 100)","1035","Meat, pig","2009","2009","7021","Annual value","","61.99","Fc","Calculated data"
"PP","Producer Prices","237","Viet Nam","5539","Producer Price Index (2014-2016 = 100)","882","Milk, whole fresh cow","2009","2009","7021","Annual value","","63.95","Fc","Calculated data"
"PP","Producer Prices","237","Viet Nam","5539","Producer Price Index (2014-2016 = 100)","403","Onions, dry","2009","2009","7021","Annual value","","68.91","Fc","Calculated data"
"PP","Producer Prices","237","Viet Nam","5539","Producer Price Index (2014-2016 = 100)","27","Rice, paddy","2009","2009","7021","Annual value","","79.59","Fc","Calculated data"
"PP","Producer Prices","237","Viet Nam","5539","Producer Price Index (2014-2016 = 100)","236","Soybeans","2009","2009","7021","Annual value","","52.46","Fc","Calculated data"
"PP","Producer Prices","237","Viet Nam","5539","Producer Price Index (2014-2016 = 100)","486","Bananas","2010","2010","7021","Annual value","","71.36","Fc","Calculated data"
"PP","Producer Prices","237","Viet Nam","5539","Producer Price Index (2014-2016 = 100)","125","Cassava","2010","2010","7021","Annual value","","66.31","Fc","Calculated data"
"PP","Producer Prices","237","Viet Nam","5539","Producer Price Index (2014-2016 = 100)","1062","Eggs, hen, in shell","2010","2010","7021","Annual value","","86.57","Fc","Calculated data"
"PP","Producer Prices","237","Viet Nam","5539","Producer Price Index (2014-2016 = 100)","56","Maize","2010","2010","7021","Annual value","","72.18","Fc","Calculated data"
"PP","Producer Prices","237","Viet Nam","5539","Producer Price Index (2014-2016 = 100)","867","Meat, cattle","2010","2010","7021","Annual value","","49.68","Fc","Calculated data"
"PP","Producer Prices","237","Viet Nam","5539","Producer Price Index (2014-2016 = 100)","1058","Meat, chicken","2010","2010","7021","Annual value","","74.5","Fc","Calculated data"
"PP","Producer Prices","237","Viet Nam","5539","Producer Price Index (2014-2016 = 100)","1069","Meat, duck","2010","2010","7021","Annual value","","72.11","Fc","Calculated data"
"PP","Producer Prices","237","Viet Nam","5539","Producer Price Index (2014-2016 = 100)","1017","Meat, goat","2010","2010","7021","Annual value","","43.53","Fc","Calculated data"
"PP","Producer Prices","237","Viet Nam","5539","Producer Price Index (2014-2016 = 100)","1035","Meat, pig","2010","2010","7021","Annual value","","63.43","Fc","Calculated data"
"PP","Producer Prices","237","Viet Nam","5539","Producer Price Index (2014-2016 = 100)","882","Milk, whole fresh cow","2010","2010","7021","Annual value","","73.14","Fc","Calculated data"
"PP","Producer Prices","237","Viet Nam","5539","Producer Price Index (2014-2016 = 100)","403","Onions, dry","2010","2010","7021","Annual value","","78.81","Fc","Calculated data"
"PP","Producer Prices","237","Viet Nam","5539","Producer Price Index (2014-2016 = 100)","27","Rice, paddy","2010","2010","7021","Annual value","","85.01","Fc","Calculated data"
"PP","Producer Prices","237","Viet Nam","5539","Producer Price Index (2014-2016 = 100)","236","Soybeans","2010","2010","7021","Annual value","","60","Fc","Calculated data"
"PP","Producer Prices","237","Viet Nam","5539","Producer Price Index (2014-2016 = 100)","486","Bananas","2011","2011","7021","Annual value","","81.16","Fc","Calculated data"
"PP","Producer Prices","237","Viet Nam","5539","Producer Price Index (2014-2016 = 100)","125","Cassava","2011","2011","7021","Annual value","","76.85","Fc","Calculated data"
"PP","Producer Prices","237","Viet Nam","5539","Producer Price Index (2014-2016 = 100)","1062","Eggs, hen, in shell","2011","2011","7021","Annual value","","109.02","Fc","Calculated data"
"PP","Producer Prices","237","Viet Nam","5539","Producer Price Index (2014-2016 = 100)","56","Maize","2011","2011","7021","Annual value","","90.36","Fc","Calculated data"
"PP","Producer Prices","237","Viet Nam","5539","Producer Price Index (2014-2016 = 100)","867","Meat, cattle","2011","2011","7021","Annual value","","59.94","Fc","Calculated data"
"PP","Producer Prices","237","Viet Nam","5539","Producer Price Index (2014-2016 = 100)","1058","Meat, chicken","2011","2011","7021","Annual value","","92","Fc","Calculated data"
"PP","Producer Prices","237","Viet Nam","5539","Producer Price Index (2014-2016 = 100)","1069","Meat, duck","2011","2011","7021","Annual value","","96.93","Fc","Calculated data"
"PP","Producer Prices","237","Viet Nam","5539","Producer Price Index (2014-2016 = 100)","1017","Meat, goat","2011","2011","7021","Annual value","","57.66","Fc","Calculated data"
"PP","Producer Prices","237","Viet Nam","5539","Producer Price Index (2014-2016 = 100)","1035","Meat, pig","2011","2011","7021","Annual value","","100.49","Fc","Calculated data"
"PP","Producer Prices","237","Viet Nam","5539","Producer Price Index (2014-2016 = 100)","882","Milk, whole fresh cow","2011","2011","7021","Annual value","","96.26","Fc","Calculated data"
"PP","Producer Prices","237","Viet Nam","5539","Producer Price Index (2014-2016 = 100)","403","Onions, dry","2011","2011","7021","Annual value","","103.72","Fc","Calculated data"
"PP","Producer Prices","237","Viet Nam","5539","Producer Price Index (2014-2016 = 100)","27","Rice, paddy","2011","2011","7021","Annual value","","102.18","Fc","Calculated data"
"PP","Producer Prices","237","Viet Nam","5539","Producer Price Index (2014-2016 = 100)","236","Soybeans","2011","2011","7021","Annual value","","78.97","Fc","Calculated data"
"PP","Producer Prices","237","Viet Nam","5539","Producer Price Index (2014-2016 = 100)","486","Bananas","2012","2012","7021","Annual value","","81.87","Fc","Calculated data"
"PP","Producer Prices","237","Viet Nam","5539","Producer Price Index (2014-2016 = 100)","125","Cassava","2012","2012","7021","Annual value","","77.84","Fc","Calculated data"
"PP","Producer Prices","237","Viet Nam","5539","Producer Price Index (2014-2016 = 100)","1062","Eggs, hen, in shell","2012","2012","7021","Annual value","","107.33","Fc","Calculated data"
"PP","Producer Prices","237","Viet Nam","5539","Producer Price Index (2014-2016 = 100)","56","Maize","2012","2012","7021","Annual value","","97.49","Fc","Calculated data"
"PP","Producer Prices","237","Viet Nam","5539","Producer Price Index (2014-2016 = 100)","867","Meat, cattle","2012","2012","7021","Annual value","","75.33","Fc","Calculated data"
"PP","Producer Prices","237","Viet Nam","5539","Producer Price Index (2014-2016 = 100)","1058","Meat, chicken","2012","2012","7021","Annual value","","94.41","Fc","Calculated data"
"PP","Producer Prices","237","Viet Nam","5539","Producer Price Index (2014-2016 = 100)","1069","Meat, duck","2012","2012","7021","Annual value","","94.99","Fc","Calculated data"
"PP","Producer Prices","237","Viet Nam","5539","Producer Price Index (2014-2016 = 100)","1017","Meat, goat","2012","2012","7021","Annual value","","70.55","Fc","Calculated data"
"PP","Producer Prices","237","Viet Nam","5539","Producer Price Index (2014-2016 = 100)","1035","Meat, pig","2012","2012","7021","Annual value","","94.55","Fc","Calculated data"
"PP","Producer Prices","237","Viet Nam","5539","Producer Price Index (2014-2016 = 100)","882","Milk, whole fresh cow","2012","2012","7021","Annual value","","94.21","Fc","Calculated data"
"PP","Producer Prices","237","Viet Nam","5539","Producer Price Index (2014-2016 = 100)","403","Onions, dry","2012","2012","7021","Annual value","","101.51","Fc","Calculated data"
"PP","Producer Prices","237","Viet Nam","5539","Producer Price Index (2014-2016 = 100)","27","Rice, paddy","2012","2012","7021","Annual value","","98.34","Fc","Calculated data"
"PP","Producer Prices","237","Viet Nam","5539","Producer Price Index (2014-2016 = 100)","236","Soybeans","2012","2012","7021","Annual value","","77.28","Fc","Calculated data"
"PP","Producer Prices","237","Viet Nam","5539","Producer Price Index (2014-2016 = 100)","486","Bananas","2013","2013","7021","Annual value","","86.77","Fc","Calculated data"
"PP","Producer Prices","237","Viet Nam","5539","Producer Price Index (2014-2016 = 100)","125","Cassava","2013","2013","7021","Annual value","","83.39","Fc","Calculated data"
"PP","Producer Prices","237","Viet Nam","5539","Producer Price Index (2014-2016 = 100)","1062","Eggs, hen, in shell","2013","2013","7021","Annual value","","117.18","Fc","Calculated data"
"PP","Producer Prices","237","Viet Nam","5539","Producer Price Index (2014-2016 = 100)","56","Maize","2013","2013","7021","Annual value","","99.81","Fc","Calculated data"
"PP","Producer Prices","237","Viet Nam","5539","Producer Price Index (2014-2016 = 100)","867","Meat, cattle","2013","2013","7021","Annual value","","85.6","Fc","Calculated data"
"PP","Producer Prices","237","Viet Nam","5539","Producer Price Index (2014-2016 = 100)","1058","Meat, chicken","2013","2013","7021","Annual value","","101.28","Fc","Calculated data"
"PP","Producer Prices","237","Viet Nam","5539","Producer Price Index (2014-2016 = 100)","1069","Meat, duck","2013","2013","7021","Annual value","","99.31","Fc","Calculated data"
"PP","Producer Prices","237","Viet Nam","5539","Producer Price Index (2014-2016 = 100)","1017","Meat, goat","2013","2013","7021","Annual value","","82.12","Fc","Calculated data"
"PP","Producer Prices","237","Viet Nam","5539","Producer Price Index (2014-2016 = 100)","1035","Meat, pig","2013","2013","7021","Annual value","","89.75","Fc","Calculated data"
"PP","Producer Prices","237","Viet Nam","5539","Producer Price Index (2014-2016 = 100)","882","Milk, whole fresh cow","2013","2013","7021","Annual value","","94.74","Fc","Calculated data"
"PP","Producer Prices","237","Viet Nam","5539","Producer Price Index (2014-2016 = 100)","403","Onions, dry","2013","2013","7021","Annual value","","102.08","Fc","Calculated data"
"PP","Producer Prices","237","Viet Nam","5539","Producer Price Index (2014-2016 = 100)","27","Rice, paddy","2013","2013","7021","Annual value","","97.13","Fc","Calculated data"
"PP","Producer Prices","237","Viet Nam","5539","Producer Price Index (2014-2016 = 100)","236","Soybeans","2013","2013","7021","Annual value","","98.69","Fc","Calculated data"
"PP","Producer Prices","237","Viet Nam","5539","Producer Price Index (2014-2016 = 100)","486","Bananas","2014","2014","7021","Annual value","","97.67","Fc","Calculated data"
"PP","Producer Prices","237","Viet Nam","5539","Producer Price Index (2014-2016 = 100)","125","Cassava","2014","2014","7021","Annual value","","87.29","Fc","Calculated data"
"PP","Producer Prices","237","Viet Nam","5539","Producer Price Index (2014-2016 = 100)","1062","Eggs, hen, in shell","2014","2014","7021","Annual value","","115.7","Fc","Calculated data"
"PP","Producer Prices","237","Viet Nam","5539","Producer Price Index (2014-2016 = 100)","56","Maize","2014","2014","7021","Annual value","","106.25","Fc","Calculated data"
"PP","Producer Prices","237","Viet Nam","5539","Producer Price Index (2014-2016 = 100)","867","Meat, cattle","2014","2014","7021","Annual value","","92.33","Fc","Calculated data"
"PP","Producer Prices","237","Viet Nam","5539","Producer Price Index (2014-2016 = 100)","1058","Meat, chicken","2014","2014","7021","Annual value","","101.2","Fc","Calculated data"
"PP","Producer Prices","237","Viet Nam","5539","Producer Price Index (2014-2016 = 100)","1069","Meat, duck","2014","2014","7021","Annual value","","99.53","Fc","Calculated data"
"PP","Producer Prices","237","Viet Nam","5539","Producer Price Index (2014-2016 = 100)","1017","Meat, goat","2014","2014","7021","Annual value","","93.02","Fc","Calculated data"
"PP","Producer Prices","237","Viet Nam","5539","Producer Price Index (2014-2016 = 100)","1035","Meat, pig","2014","2014","7021","Annual value","","100.69","Fc","Calculated data"
"PP","Producer Prices","237","Viet Nam","5539","Producer Price Index (2014-2016 = 100)","882","Milk, whole fresh cow","2014","2014","7021","Annual value","","99.12","Fc","Calculated data"
"PP","Producer Prices","237","Viet Nam","5539","Producer Price Index (2014-2016 = 100)","403","Onions, dry","2014","2014","7021","Annual value","","99.67","Fc","Calculated data"
"PP","Producer Prices","237","Viet Nam","5539","Producer Price Index (2014-2016 = 100)","27","Rice, paddy","2014","2014","7021","Annual value","","101.69","Fc","Calculated data"
"PP","Producer Prices","237","Viet Nam","5539","Producer Price Index (2014-2016 = 100)","236","Soybeans","2014","2014","7021","Annual value","","100.17","Fc","Calculated data"
"PP","Producer Prices","237","Viet Nam","5539","Producer Price Index (2014-2016 = 100)","486","Bananas","2015","2015","7021","Annual value","","98.52","Fc","Calculated data"
"PP","Producer Prices","237","Viet Nam","5539","Producer Price Index (2014-2016 = 100)","125","Cassava","2015","2015","7021","Annual value","","87.14","Fc","Calculated data"
"PP","Producer Prices","237","Viet Nam","5539","Producer Price Index (2014-2016 = 100)","1062","Eggs, hen, in shell","2015","2015","7021","Annual value","","118.83","Fc","Calculated data"
"PP","Producer Prices","237","Viet Nam","5539","Producer Price Index (2014-2016 = 100)","56","Maize","2015","2015","7021","Annual value","","104.6","Fc","Calculated data"
"PP","Producer Prices","237","Viet Nam","5539","Producer Price Index (2014-2016 = 100)","867","Meat, cattle","2015","2015","7021","Annual value","","97.11","Fc","Calculated data"
"PP","Producer Prices","237","Viet Nam","5539","Producer Price Index (2014-2016 = 100)","1058","Meat, chicken","2015","2015","7021","Annual value","","102.6","Fc","Calculated data"
"PP","Producer Prices","237","Viet Nam","5539","Producer Price Index (2014-2016 = 100)","1069","Meat, duck","2015","2015","7021","Annual value","","99.4","Fc","Calculated data"
"PP","Producer Prices","237","Viet Nam","5539","Producer Price Index (2014-2016 = 100)","1017","Meat, goat","2015","2015","7021","Annual value","","97.24","Fc","Calculated data"
"PP","Producer Prices","237","Viet Nam","5539","Producer Price Index (2014-2016 = 100)","1035","Meat, pig","2015","2015","7021","Annual value","","98.35","Fc","Calculated data"
"PP","Producer Prices","237","Viet Nam","5539","Producer Price Index (2014-2016 = 100)","882","Milk, whole fresh cow","2015","2015","7021","Annual value","","99.59","Fc","Calculated data"
"PP","Producer Prices","237","Viet Nam","5539","Producer Price Index (2014-2016 = 100)","403","Onions, dry","2015","2015","7021","Annual value","","89.98","Fc","Calculated data"
"PP","Producer Prices","237","Viet Nam","5539","Producer Price Index (2014-2016 = 100)","27","Rice, paddy","2015","2015","7021","Annual value","","98.26","Fc","Calculated data"
"PP","Producer Prices","237","Viet Nam","5539","Producer Price Index (2014-2016 = 100)","236","Soybeans","2015","2015","7021","Annual value","","99.6","Fc","Calculated data"
"PP","Producer Prices","237","Viet Nam","5539","Producer Price Index (2014-2016 = 100)","486","Bananas","2016","2016","7021","Annual value","","103.81","Fc","Calculated data"
"PP","Producer Prices","237","Viet Nam","5539","Producer Price Index (2014-2016 = 100)","125","Cassava","2016","2016","7021","Annual value","","125.57","Fc","Calculated data"
"PP","Producer Prices","237","Viet Nam","5539","Producer Price Index (2014-2016 = 100)","1062","Eggs, hen, in shell","2016","2016","7021","Annual value","","65.46","Fc","Calculated data"
"PP","Producer Prices","237","Viet Nam","5539","Producer Price Index (2014-2016 = 100)","56","Maize","2016","2016","7021","Annual value","","89.15","Fc","Calculated data"
"PP","Producer Prices","237","Viet Nam","5539","Producer Price Index (2014-2016 = 100)","867","Meat, cattle","2016","2016","7021","Annual value","","110.56","Fc","Calculated data"
"PP","Producer Prices","237","Viet Nam","5539","Producer Price Index (2014-2016 = 100)","1058","Meat, chicken","2016","2016","7021","Annual value","","96.2","Fc","Calculated data"
"PP","Producer Prices","237","Viet Nam","5539","Producer Price Index (2014-2016 = 100)","1069","Meat, duck","2016","2016","7021","Annual value","","101.07","Fc","Calculated data"
"PP","Producer Prices","237","Viet Nam","5539","Producer Price Index (2014-2016 = 100)","1017","Meat, goat","2016","2016","7021","Annual value","","109.74","Fc","Calculated data"
"PP","Producer Prices","237","Viet Nam","5539","Producer Price Index (2014-2016 = 100)","1035","Meat, pig","2016","2016","7021","Annual value","","100.96","Fc","Calculated data"
"PP","Producer Prices","237","Viet Nam","5539","Producer Price Index (2014-2016 = 100)","882","Milk, whole fresh cow","2016","2016","7021","Annual value","","101.29","Fc","Calculated data"
"PP","Producer Prices","237","Viet Nam","5539","Producer Price Index (2014-2016 = 100)","403","Onions, dry","2016","2016","7021","Annual value","","110.35","Fc","Calculated data"
"PP","Producer Prices","237","Viet Nam","5539","Producer Price Index (2014-2016 = 100)","27","Rice, paddy","2016","2016","7021","Annual value","","100.05","Fc","Calculated data"
"PP","Producer Prices","237","Viet Nam","5539","Producer Price Index (2014-2016 = 100)","236","Soybeans","2016","2016","7021","Annual value","","100.23","Fc","Calculated data"
"PP","Producer Prices","237","Viet Nam","5539","Producer Price Index (2014-2016 = 100)","486","Bananas","2017","2017","7021","Annual value","","108.23","Fc","Calculated data"
"PP","Producer Prices","237","Viet Nam","5539","Producer Price Index (2014-2016 = 100)","125","Cassava","2017","2017","7021","Annual value","","132.11","Fc","Calculated data"
"PP","Producer Prices","237","Viet Nam","5539","Producer Price Index (2014-2016 = 100)","1062","Eggs, hen, in shell","2017","2017","7021","Annual value","","131.81","Fc","Calculated data"
"PP","Producer Prices","237","Viet Nam","5539","Producer Price Index (2014-2016 = 100)","56","Maize","2017","2017","7021","Annual value","","87.99","Fc","Calculated data"
"PP","Producer Prices","237","Viet Nam","5539","Producer Price Index (2014-2016 = 100)","867","Meat, cattle","2017","2017","7021","Annual value","","108.58","Fc","Calculated data"
"PP","Producer Prices","237","Viet Nam","5539","Producer Price Index (2014-2016 = 100)","1058","Meat, chicken","2017","2017","7021","Annual value","","92.35","Fc","Calculated data"
"PP","Producer Prices","237","Viet Nam","5539","Producer Price Index (2014-2016 = 100)","1069","Meat, duck","2017","2017","7021","Annual value","","96.73","Fc","Calculated data"
"PP","Producer Prices","237","Viet Nam","5539","Producer Price Index (2014-2016 = 100)","1017","Meat, goat","2017","2017","7021","Annual value","","106.33","Fc","Calculated data"
"PP","Producer Prices","237","Viet Nam","5539","Producer Price Index (2014-2016 = 100)","1035","Meat, pig","2017","2017","7021","Annual value","","74.4","Fc","Calculated data"
"PP","Producer Prices","237","Viet Nam","5539","Producer Price Index (2014-2016 = 100)","882","Milk, whole fresh cow","2017","2017","7021","Annual value","","101.21","Fc","Calculated data"
"PP","Producer Prices","237","Viet Nam","5539","Producer Price Index (2014-2016 = 100)","403","Onions, dry","2017","2017","7021","Annual value","","119.73","Fc","Calculated data"
"PP","Producer Prices","237","Viet Nam","5539","Producer Price Index (2014-2016 = 100)","27","Rice, paddy","2017","2017","7021","Annual value","","100.43","Fc","Calculated data"
"PP","Producer Prices","237","Viet Nam","5539","Producer Price Index (2014-2016 = 100)","236","Soybeans","2017","2017","7021","Annual value","","102.31","Fc","Calculated data"
"PP","Producer Prices","237","Viet Nam","5539","Producer Price Index (2014-2016 = 100)","486","Bananas","2018","2018","7021","Annual value","","106.8","Fc","Calculated data"
"PP","Producer Prices","237","Viet Nam","5539","Producer Price Index (2014-2016 = 100)","125","Cassava","2018","2018","7021","Annual value","","145.31","Fc","Calculated data"
"PP","Producer Prices","237","Viet Nam","5539","Producer Price Index (2014-2016 = 100)","1062","Eggs, hen, in shell","2018","2018","7021","Annual value","","66.73","Fc","Calculated data"
"PP","Producer Prices","237","Viet Nam","5539","Producer Price Index (2014-2016 = 100)","56","Maize","2018","2018","7021","Annual value","","88.55","Fc","Calculated data"
"PP","Producer Prices","237","Viet Nam","5539","Producer Price Index (2014-2016 = 100)","403","Onions, dry","2018","2018","7021","Annual value","","96.9","Fc","Calculated data"
"PP","Producer Prices","237","Viet Nam","5539","Producer Price Index (2014-2016 = 100)","27","Rice, paddy","2018","2018","7021","Annual value","","102.6","Fc","Calculated data"
"PP","Producer Prices","237","Viet Nam","5539","Producer Price Index (2014-2016 = 100)","236","Soybeans","2018","2018","7021","Annual value","","103.34","Fc","Calculated data"
